name,pieces,minifigs,image
Bookshop,2504,5,https://images.brickset.com/sets/small/10270-1.jpg?201912060155
Fiat 500,960,,https://images.brickset.com/sets/small/10271-1.jpg?202002291105
Old Trafford - Manchester United,3898,,https://images.brickset.com/sets/small/10272-1.jpg?202001130159
Heart Box,80,,https://images.brickset.com/sets/small/10909-1.jpg?201912050531
Brick Box,65,2,https://images.brickset.com/sets/small/10913-1.jpg?201912050531
Deluxe Brick Box,85,,https://images.brickset.com/sets/small/10914-1.jpg?201912050531
Alphabet Truck,36,2,https://images.brickset.com/sets/small/10915-1.jpg?201912050531
Fire Truck,6,,https://images.brickset.com/sets/small/10917-1.jpg?201912050531
Tow Truck,7,,https://images.brickset.com/sets/small/10918-1.jpg?201912050531
Elsa and Olaf's Tea Party,17,2,https://images.brickset.com/sets/small/10920-1.jpg?201912100958
Super Heroes Lab,30,3,https://images.brickset.com/sets/small/10921-1.jpg?201912100958
Playroom,17,2,https://images.brickset.com/sets/small/10925-1.jpg?201912050531
Bedroom,16,2,https://images.brickset.com/sets/small/10926-1.jpg?201912050531
Pizza Stand,18,1,https://images.brickset.com/sets/small/10927-1.jpg?201912050531
Bakery,46,2,https://images.brickset.com/sets/small/10928-1.jpg?201912050531
Modular Playhouse,129,3,https://images.brickset.com/sets/small/10929-1.jpg?201912050531
Creative Animals,175,,https://images.brickset.com/sets/small/10934-1.jpg?202001150747
Creative Blue Bricks,52,,https://images.brickset.com/sets/small/11006-1.jpg?201912050531
Creative Green Bricks,60,,https://images.brickset.com/sets/small/11007-1.jpg?201912050531
Bricks and Houses,270,,https://images.brickset.com/sets/small/11008-1.jpg?201912050531
Bricks and Lights,441,,https://images.brickset.com/sets/small/11009-1.jpg?202001051057
White Baseplate,1,,https://images.brickset.com/sets/small/11010-1.jpg?201912050531
Bricks and Animals,1500,,https://images.brickset.com/sets/small/11011-1.jpg?202001180924
Tokyo,547,,https://images.brickset.com/sets/small/21051-1.jpg?201912050531
Dubai,740,,https://images.brickset.com/sets/small/21052-1.jpg?201912050531
The White House,,,/assets/images/misc/blankbox.gif
BigFig Creeper and Ocelot,184,,https://images.brickset.com/sets/small/21156-1.jpg?201912100958
BigFig Pig with Baby Zombie,159,,https://images.brickset.com/sets/small/21157-1.jpg?201912100958
The Panda Nursery,204,,https://images.brickset.com/sets/small/21158-1.jpg?201912100958
The Pillager Outpost,303,,https://images.brickset.com/sets/small/21159-1.jpg?201912100958
The Illager Raid,562,,https://images.brickset.com/sets/small/21160-1.jpg?201912100958
{?},,,/assets/images/misc/blankbox.gif
The Taiga Adventure,74,2,https://images.brickset.com/sets/small/21162-1.jpg?201912100958
International Space Station,864,,https://images.brickset.com/sets/small/21321-1.jpg?202001220902
My First Giraffe,,,https://images.brickset.com/sets/small/30329-1.jpg?201912301007
Birthday Cake,,,https://images.brickset.com/sets/small/30330-1.jpg?201912301007
Lamborghini Huracán Super Trofeo EVO,,,https://images.brickset.com/sets/small/30342-1.jpg?202001031107
Police Car,36,1,https://images.brickset.com/sets/small/30366-1.jpg?201912301007
Police Helicopter,39,1,https://images.brickset.com/sets/small/30367-1.jpg?201912301007
 Fire Rescue Water Scooter,32,,https://images.brickset.com/sets/small/30368-1.jpg?201912301007
 Beach Buggy,45,,https://images.brickset.com/sets/small/30369-1.jpg?201912301007
Poe Dameron's X-wing Fighter,,,https://images.brickset.com/sets/small/30386-1.jpg?202001031107
The Skeleton Defense,,,https://images.brickset.com/sets/small/30394-1.jpg?201912301007
Chocolate Box & Flower,75,,https://images.brickset.com/sets/small/30411-1.jpg?201912301007
Park Picnic,,,https://images.brickset.com/sets/small/30412-1.jpg?201912301007
Captain Marvel and Nick Fury,32,2,https://images.brickset.com/sets/small/30453-1.jpg?202001031108
Chef Enzo's Haunted Hotdogs,,,https://images.brickset.com/sets/small/30463-1.jpg?201912301007
 El Fuego's Stunt Cannon,,,https://images.brickset.com/sets/small/30464-1.jpg?201912301007
Combo Charger,,,https://images.brickset.com/sets/small/30536-1.jpg?201912301007
Merchant Avatar Jay,,,https://images.brickset.com/sets/small/30537-1.jpg?201912301007
 Build Your Own Birds - Make it Yours,26,,https://images.brickset.com/sets/small/30548-1.jpg?201912070808
Build Your Own Vehicles - Make it Yours,,,https://images.brickset.com/sets/small/30549-1.jpg?201912301007
Easter Bunny,,,https://images.brickset.com/sets/small/30550-1.jpg?202002180603
Cinderella Mini Castle,,,https://images.brickset.com/sets/small/30554-1.jpg?201912301007
Poppy's Carriage,51,1,https://images.brickset.com/sets/small/30555-1.jpg?202001031108
Mini Frame,,,https://images.brickset.com/sets/small/30556-1.jpg?202002180604
Cat,,,https://images.brickset.com/sets/small/30574-1.jpg?201912301007
Train,,,https://images.brickset.com/sets/small/30575-1.jpg?201912301007
Propeller Plane,128,,https://images.brickset.com/sets/small/31099-1.jpg?201912050531
Sports Car,134,,https://images.brickset.com/sets/small/31100-1.jpg?201912050531
Monster Truck,163,,https://images.brickset.com/sets/small/31101-1.jpg?201912050531
Fire Dragon,234,,https://images.brickset.com/sets/small/31102-1.jpg?201912050531
Rocket Truck,198,,https://images.brickset.com/sets/small/31103-1.jpg?201912230955
Monster Burger Truck,499,2,https://images.brickset.com/sets/small/31104-1.jpg?201912050531
Townhouse Toy Store,554,2,https://images.brickset.com/sets/small/31105-1.jpg?201912050531
Space Rover,,,/assets/images/misc/blankbox.gif
Camper Van,,,/assets/images/misc/blankbox.gif
Pirate Ship,,,/assets/images/misc/blankbox.gif
Year of the Rat,162,,https://images.brickset.com/sets/small/40355-1.jpg?202001081114
Steam Engine,188,,https://images.brickset.com/sets/small/40370-1.jpg?202003021113
Easter Egg,,,https://images.brickset.com/sets/small/40371-1.jpg?202003020943
Police MF Accessory Set,42,4,https://images.brickset.com/sets/small/40372-1.jpg?201912050531
Fairground Accessory Set,51,,https://images.brickset.com/sets/small/40373-1.jpg?202002170859
Golden Zane Accessory Set ,73,,https://images.brickset.com/sets/small/40374-1.jpg?202002170859
Sports Accessories,36,,https://images.brickset.com/sets/small/40375-1.jpg?201912050531
Botanical Accessories,32,,https://images.brickset.com/sets/small/40376-1.jpg?201912050531
Donald Duck,90,,https://images.brickset.com/sets/small/40377-1.jpg?202002040714
Goofy & Pluto,214,,https://images.brickset.com/sets/small/40378-1.jpg?202002040714
Valentine's Bear,150,,https://images.brickset.com/sets/small/40379-1.jpg?201912050531
Easter Sheep,192,,https://images.brickset.com/sets/small/40380-1.jpg?202001150748
Birthday Set,141,,https://images.brickset.com/sets/small/40382-1.jpg?202001051057
Wedding Bride,306,,https://images.brickset.com/sets/small/40383-1.jpg?201912070809
Wedding Groom,255,,https://images.brickset.com/sets/small/40384-1.jpg?201912070809
LEGO Trophy,200,,https://images.brickset.com/sets/small/40385-1.jpg?201912050531
LEGOLAND Fire Academy,221,,https://images.brickset.com/sets/small/40393-1.jpg?201911240306
Chinese Dragon,,,https://images.brickset.com/sets/small/40395-1.jpg?202001070403
Valentine Panda,53,,https://images.brickset.com/sets/small/40396-1.jpg?202003020832
Fish,,,https://images.brickset.com/sets/small/40397-1.jpg?202003020833
Drag Racer,,,https://images.brickset.com/sets/small/40408-1.jpg?202001150748
Lucky Cat,134,,https://images.brickset.com/sets/small/40436-1.jpg?202001051057
Techno Reef Dance Party,159,1,https://images.brickset.com/sets/small/41250-1.jpg?201911241006
Poppy's Pod,103,,https://images.brickset.com/sets/small/41251-1.jpg?201911240125
Poppy's Air Balloon Adventure,250,3,https://images.brickset.com/sets/small/41252-1.jpg?201911241006
Lonesome Flats Raft Adventure,173,,https://images.brickset.com/sets/small/41253-1.jpg?201911241006
Volcano Rock City Concert,387,,https://images.brickset.com/sets/small/41254-1.jpg?201911241006
Pop Village Celebration,380,,https://images.brickset.com/sets/small/41255-1.jpg?201911241006
Rainbow Caterbus,395,,https://images.brickset.com/sets/small/41256-1.jpg?201911240126
Ice Cream Cart,97,1,https://images.brickset.com/sets/small/41389-1.jpg?201912050531
Andrea's Car & Stage,240,2,https://images.brickset.com/sets/small/41390-1.jpg?201912050531
Heartlake City Hair Salon,235,2,https://images.brickset.com/sets/small/41391-1.jpg?201912050531
Nature Glamping,241,2,https://images.brickset.com/sets/small/41392-1.jpg?201912050531
Baking Competition,361,3,https://images.brickset.com/sets/small/41393-1.jpg?201912050531
Heartlake City Hospital,379,3,https://images.brickset.com/sets/small/41394-1.jpg?201912050531
Friendship Bus,778,3,https://images.brickset.com/sets/small/41395-1.jpg?201912050531
Puppy Playground,57,,https://images.brickset.com/sets/small/41396-1.jpg?201912050531
Juice Truck,103,,https://images.brickset.com/sets/small/41397-1.jpg?201912050531
Andrea's Play Cube - Singer,49,1,https://images.brickset.com/sets/small/41400-1.jpg?201912050531
Stephanie's Play Cube - Baker,44,1,https://images.brickset.com/sets/small/41401-1.jpg?201912050531
Olivia's Play Cube - Researcher,40,1,https://images.brickset.com/sets/small/41402-1.jpg?201912050531
Mia's Play Cube - Veterinarian,36,1,https://images.brickset.com/sets/small/41403-1.jpg?201912050531
Emma's Play Cube - Photographer,40,1,https://images.brickset.com/sets/small/41404-1.jpg?201912050531
Andrea's Play Cube - Pet Shop,,,https://images.brickset.com/sets/small/41405-1.jpg?202002200839
Stephanie's Play Cube - Beauty Salon,,,https://images.brickset.com/sets/small/41406-1.jpg?202002200840
Olivia's Play Cube - Sweet Shop,,,https://images.brickset.com/sets/small/41407-1.jpg?202002200840
Mia's Play Cube - Cinema,,,https://images.brickset.com/sets/small/41408-1.jpg?202002200840
Emma's Play Cube - Toy Store,,,https://images.brickset.com/sets/small/41409-1.jpg?202002200840
 Heartlake City Brick Box,321,2,https://images.brickset.com/sets/small/41431-1.jpg?201912050531
Rainbow,33,,https://images.brickset.com/sets/small/41900-1.jpg?202002170858
Funky Animals,33,,https://images.brickset.com/sets/small/41901-1.jpg?202002170858
Sparkly Unicorn,33,,https://images.brickset.com/sets/small/41902-1.jpg?202002170859
Cosmic Wonder,33,,https://images.brickset.com/sets/small/41903-1.jpg?202002170842
Picture Holders,423,,https://images.brickset.com/sets/small/41904-1.jpg?202002170858
Jewellery Stand,213,,https://images.brickset.com/sets/small/41905-1.jpg?202002170901
Pencil Holder,351,,https://images.brickset.com/sets/small/41906-1.jpg?202002170859
Extra Dots - Series 1,109,,https://images.brickset.com/sets/small/41908-1.jpg?202002201101
Love Birds,33,,https://images.brickset.com/sets/small/41912-1.jpg?202002170858
{?},,,/assets/images/misc/blankbox.gif
{?},,,/assets/images/misc/blankbox.gif
{?},,,/assets/images/misc/blankbox.gif
{?},,,/assets/images/misc/blankbox.gif
{?},,,/assets/images/misc/blankbox.gif
{?},,,/assets/images/misc/blankbox.gif
{?},,,/assets/images/misc/blankbox.gif
{?},,,/assets/images/misc/blankbox.gif
{?},,,/assets/images/misc/blankbox.gif
{?},,,/assets/images/misc/blankbox.gif
{?},,,/assets/images/misc/blankbox.gif
Buggy,117,,https://images.brickset.com/sets/small/42101-1.jpg?201912050531
Mini CLAAS XERION,130,,https://images.brickset.com/sets/small/42102-1.jpg?201912050531
Dragster,225,,https://images.brickset.com/sets/small/42103-1.jpg?201912050531
Race Truck,227,,https://images.brickset.com/sets/small/42104-1.jpg?201912050531
Catamaran,404,,https://images.brickset.com/sets/small/42105-1.jpg?201912050531
Stunt Show Truck & Bike,610,,https://images.brickset.com/sets/small/42106-1.jpg?201912050531
Mobile Crane,1292,,https://images.brickset.com/sets/small/42108-1.jpg?201912050531
App-Controlled Top Gear Rally Car,463,,https://images.brickset.com/sets/small/42109-1.jpg?201911180208
{Lamborghini},,,/assets/images/misc/blankbox.gif
Moana's Ocean Adventure,46,1,https://images.brickset.com/sets/small/43170-1.jpg?201912110132
Aurora's Royal Carriage,62,1,https://images.brickset.com/sets/small/43173-1.jpg?201912110132
Mulan's Storybook Adventures,124,3,https://images.brickset.com/sets/small/43174-1.jpg?201912110132
Anna and Elsa's Storybook Adventures,133,4,https://images.brickset.com/sets/small/43175-1.jpg?201912110132
Ariel's Storybook Adventures,105,3,https://images.brickset.com/sets/small/43176-1.jpg?201912110132
Belle's Storybook Adventures,111,5,https://images.brickset.com/sets/small/43177-1.jpg?201912110132
Cinderella's Castle Celebration,168,,https://images.brickset.com/sets/small/43178-1.jpg?201912110132
Mulan's Training Grounds,157,1,https://images.brickset.com/sets/small/43182-1.jpg?201912110132
Moana's Island Home,202,1,https://images.brickset.com/sets/small/43183-1.jpg?201912110132
Tubes,,,https://images.brickset.com/sets/small/45026-1.jpg?202002260431
Letters,,,https://images.brickset.com/sets/small/45027-1.jpg?202002260431
My XL World,,,https://images.brickset.com/sets/small/45028-1.jpg?202002260431
Animals,,,https://images.brickset.com/sets/small/45029-1.jpg?202002260432
People,,,https://images.brickset.com/sets/small/45030-1.jpg?202002260431
Large Hub,,,https://images.brickset.com/sets/small/45601-1.jpg?201904040821
Large Angular Motor,,,https://images.brickset.com/sets/small/45602-1.jpg?201904040820
Medium Angular Motor,,,https://images.brickset.com/sets/small/45603-1.jpg?201911050321
Distance Sensor,,,https://images.brickset.com/sets/small/45604-1.jpg?201912020145
Colour Sensor,,,https://images.brickset.com/sets/small/45605-1.jpg?201912020143
Force Sensor,,,https://images.brickset.com/sets/small/45606-1.jpg?201911050321
SPIKE Prime Set,523,,https://images.brickset.com/sets/small/45678-1.jpg?201904020658
Expansion set,603,,https://images.brickset.com/sets/small/45680-1.jpg?201904030943
Police Dog Unit,67,,https://images.brickset.com/sets/small/60241-1.jpg?201912050921
Police Highway Arrest,185,2,https://images.brickset.com/sets/small/60242-1.jpg?201912050921
Police Helicopter Chase,212,4,https://images.brickset.com/sets/small/60243-1.jpg?201912050921
Police Helicopter Transport,317,4,https://images.brickset.com/sets/small/60244-1.jpg?201912050921
Police Monster Truck Heist,362,5,https://images.brickset.com/sets/small/60245-1.jpg?201912050921
Police Station,743,7,https://images.brickset.com/sets/small/60246-1.jpg?201912050921
Forest Fire,84,1,https://images.brickset.com/sets/small/60247-1.jpg?201912050921
Fire Helicopter Response,93,3,https://images.brickset.com/sets/small/60248-1.jpg?201912050921
Street Sweeper,89,1,https://images.brickset.com/sets/small/60249-1.jpg?201912050921
Mail Plane,74,1,https://images.brickset.com/sets/small/60250-1.jpg?201912050921
Monster Truck,55,1,https://images.brickset.com/sets/small/60251-1.jpg?201912050921
Construction Bulldozer,126,,https://images.brickset.com/sets/small/60252-1.jpg?201912050921
Ice-Cream Truck,200,2,https://images.brickset.com/sets/small/60253-1.jpg?201912050921
Race Boat Transporter,238,2,https://images.brickset.com/sets/small/60254-1.jpg?201912050921
Stunt Team,62,2,https://images.brickset.com/sets/small/60255-1.jpg?201912050921
Racing Cars,190,2,https://images.brickset.com/sets/small/60256-1.jpg?201912050921
Service Station,354,4,https://images.brickset.com/sets/small/60257-1.jpg?201912050921
Tuning Workshop,897,7,https://images.brickset.com/sets/small/60258-1.jpg?201912050921
Air Show,,,/assets/images/misc/blankbox.gif
{Airport},,,/assets/images/misc/blankbox.gif
{Passenger Aeroplane},,,/assets/images/misc/blankbox.gif
{Mini Submarine},,,/assets/images/misc/blankbox.gif
Marine Research Submarine,,,/assets/images/misc/blankbox.gif
Marine Research Vessel,,,/assets/images/misc/blankbox.gif
Safari Off-Roader,168,2,https://images.brickset.com/sets/small/60267-1.jpg?201912050921
City Advent Calendar,,,/assets/images/misc/blankbox.gif
Police Brick Box,301,4,https://images.brickset.com/sets/small/60270-1.jpg?201912050921
{?},,,/assets/images/misc/blankbox.gif
{?},,,/assets/images/misc/blankbox.gif
Welcome to the Hidden Side,189,4,https://images.brickset.com/sets/small/70427-1.jpg?201912110132
Jack's Beach Buggy,170,3,https://images.brickset.com/sets/small/70428-1.jpg?201912110132
El Fuego's Stunt Plane,295,3,https://images.brickset.com/sets/small/70429-1.jpg?201912110132
Newbury Subway,348,3,https://images.brickset.com/sets/small/70430-1.jpg?201912110132
The Lighthouse of Darkness,540,,https://images.brickset.com/sets/small/70431-1.jpg?201912110132
Haunted Fairground,466,5,https://images.brickset.com/sets/small/70432-1.jpg?201912110132
{?},,,/assets/images/misc/blankbox.gif
{?},,,/assets/images/misc/blankbox.gif
{?},,,/assets/images/misc/blankbox.gif
{?},,,/assets/images/misc/blankbox.gif
LEGO Minifigures - DC Super Heroes {Random Bag},,,https://images.brickset.com/sets/small/71026-0.jpg?201912021109
Mister Miracle,1,1,https://images.brickset.com/sets/small/71026-1.jpg?201912300949
Wonder Woman,1,1,https://images.brickset.com/sets/small/71026-2.jpg?201912300950
Aquaman,1,1,https://images.brickset.com/sets/small/71026-3.jpg?201912300950
Stargirl,1,1,https://images.brickset.com/sets/small/71026-4.jpg?201912300950
Sinestro,1,1,https://images.brickset.com/sets/small/71026-5.jpg?201912300951
Cheetah,1,1,https://images.brickset.com/sets/small/71026-6.jpg?201912300951
Superman,1,1,https://images.brickset.com/sets/small/71026-7.jpg?201912300952
Green Lantern,1,1,https://images.brickset.com/sets/small/71026-8.jpg?201912300953
Cyborg,1,1,https://images.brickset.com/sets/small/71026-9.jpg?201912300954
Batman,1,1,https://images.brickset.com/sets/small/71026-10.jpg?201912300954
Huntress,1,1,https://images.brickset.com/sets/small/71026-11.jpg?201912300955
Metamorpho,1,1,https://images.brickset.com/sets/small/71026-12.jpg?201912300955
Joker,1,1,https://images.brickset.com/sets/small/71026-13.jpg?201912300956
Bumblebee,1,1,https://images.brickset.com/sets/small/71026-14.jpg?201912300956
Flash,1,1,https://images.brickset.com/sets/small/71026-15.jpg?201912300956
Bat-Mite,1,1,https://images.brickset.com/sets/small/71026-16.jpg?201912300957
LEGO Minifigures - DC Super Heroes - Complete,16,16,https://images.brickset.com/sets/small/71026-17.jpg?201912291112
LEGO Minifigures - DC Super Heroes - Sealed Box,,,https://images.brickset.com/sets/small/71026-18.jpg?201912021113
{?},,,/assets/images/misc/blankbox.gif
{?},,,/assets/images/misc/blankbox.gif
Thunder Raider,576,5,https://images.brickset.com/sets/small/71699-1.jpg?201912050753
Jungle Raider,127,1,https://images.brickset.com/sets/small/71700-1.jpg?201912050753
Kai's Fire Dragon,81,,https://images.brickset.com/sets/small/71701-1.jpg?201912050753
Golden Mech,489,4,https://images.brickset.com/sets/small/71702-1.jpg?201912050753
{?},,,/assets/images/misc/blankbox.gif
{?},,,/assets/images/misc/blankbox.gif
Cole's Speeder Car,52,2,https://images.brickset.com/sets/small/71706-1.jpg?201912050753
Kai's Mech Jet,217,2,https://images.brickset.com/sets/small/71707-1.jpg?201912050753
Gamer's Market,218,9,https://images.brickset.com/sets/small/71708-1.jpg?201912050753
Jay and Lloyd's Velocity Racers,322,3,https://images.brickset.com/sets/small/71709-1.jpg?201912050753
Ninja Tuner Car,419,4,https://images.brickset.com/sets/small/71710-1.jpg?201912050753
Jay's Cyber Dragon,518,5,https://images.brickset.com/sets/small/71711-1.jpg?201912050753
Empire Temple of Madness,810,4,https://images.brickset.com/sets/small/71712-1.jpg?201912050753
Empire Dragon,286,3,https://images.brickset.com/sets/small/71713-1.jpg?201912050753
Kai Avatar - Arcade Pod,49,2,https://images.brickset.com/sets/small/71714-1.jpg?201912050753
Jay Avatar - Arcade Pod,47,2,https://images.brickset.com/sets/small/71715-1.jpg?201912050753
Lloyd Avatar - Arcade Pod,48,2,https://images.brickset.com/sets/small/71716-1.jpg?201912050753
{?},,,/assets/images/misc/blankbox.gif
{?},,,/assets/images/misc/blankbox.gif
Resistance Y-wing Microfighter,86,1,https://images.brickset.com/sets/small/75263-1.jpg?201912100958
Kylo Ren's Shuttle Microfighter,72,1,https://images.brickset.com/sets/small/75264-1.jpg?201912100958
T-16 Skyhopper vs Bantha Microfighters,198,2,https://images.brickset.com/sets/small/75265-1.jpg?201912100958
Sith Troopers Battle Pack,105,4,https://images.brickset.com/sets/small/75266-1.jpg?201912100958
Mandalorian Battle Pack,102,4,https://images.brickset.com/sets/small/75267-1.jpg?201912100958
Snowspeeder,91,2,https://images.brickset.com/sets/small/75268-1.jpg?201912100958
Duel on Mustafar ,208,2,https://images.brickset.com/sets/small/75269-1.jpg?201912100958
Obi-Wan's Hut,200,4,https://images.brickset.com/sets/small/75270-1.jpg?201912100958
Luke Skywalker's Landspeeder,236,3,https://images.brickset.com/sets/small/75271-1.jpg?201912100958
Sith TIE Fighter,470,3,https://images.brickset.com/sets/small/75272-1.jpg?201912100958
Poe Dameron's X-wing Fighter,761,,https://images.brickset.com/sets/small/75273-1.jpg?201912100958
D-O,,,https://images.brickset.com/sets/small/75278-1.jpg?202002280421
Star Wars Advent Calendar,,,/assets/images/misc/blankbox.gif
The Razor Crest,More,,https://images.brickset.com/sets/small/75292-1.jpg?202002200415
The Mandalorian & The Child,More,,https://images.brickset.com/sets/small/75317-1.jpg?202002200415
Minions in Gru's Lab,9,,https://images.brickset.com/sets/small/75546-1.jpg?202002280814
Minion Pilot in Training,10,,https://images.brickset.com/sets/small/75547-1.jpg?202002280817
{?},,,/assets/images/misc/blankbox.gif
Unstoppable Bike Chase,10,,https://images.brickset.com/sets/small/75549-1.jpg?202002280818
Minions Kung Fu Battle,10,,https://images.brickset.com/sets/small/75550-1.jpg?202002280815
Brick-built Minions and their Lair,12,,https://images.brickset.com/sets/small/75551-1.jpg?202002280815
{?},,,/assets/images/misc/blankbox.gif
{?},,,/assets/images/misc/blankbox.gif
{?},,,/assets/images/misc/blankbox.gif
{?},,,/assets/images/misc/blankbox.gif
{?},,,/assets/images/misc/blankbox.gif
{?},,,/assets/images/misc/blankbox.gif
{?},,,/assets/images/misc/blankbox.gif
{?},,,/assets/images/misc/blankbox.gif
Iron Man Mech,148,1,https://images.brickset.com/sets/small/76140-1.jpg?201912110132
Thanos Mech,152,1,https://images.brickset.com/sets/small/76141-1.jpg?201912110132
Avengers Speeder Bike Attack,226,,https://images.brickset.com/sets/small/76142-1.jpg?201912110132
Avengers Truck Take-down,477,4,https://images.brickset.com/sets/small/76143-1.jpg?201912110132
Spider-Man Mech,152,1,https://images.brickset.com/sets/small/76146-1.jpg?201912110132
Vulture's Trucker Robbery,93,,https://images.brickset.com/sets/small/76147-1.jpg?202001051057
Spider-Man vs. Doc Ock,234,3,https://images.brickset.com/sets/small/76148-1.jpg?201912110132
The Menace of Mysterio,163,,https://images.brickset.com/sets/small/76149-1.jpg?201912110132
Spiderjet vs. Venom Mech,371,,https://images.brickset.com/sets/small/76150-1.jpg?201912110132
Venomosaurus Ambush,2,,https://images.brickset.com/sets/small/76151-1.jpg?202002240346
Black Widow's Helicopter Chase,271,,https://images.brickset.com/sets/small/76162-1.jpg?202002170858
Venom Crawler,413,,https://images.brickset.com/sets/small/76163-1.jpg?202002170900
Iron Man Bust,,,/assets/images/misc/blankbox.gif
Ferrari F8 Tributo,275,1,https://images.brickset.com/sets/small/76895-1.jpg?201912050753
Nissan GT-R NISMO,298,1,https://images.brickset.com/sets/small/76896-1.jpg?201912050753
1985 Audi Sport Quattro S1,250,,https://images.brickset.com/sets/small/76897-1.jpg?201912050753
Formula E Panasonic Jaguar Racing GEN2 Car & Jaguar I-PACE eTROPHY,565,2,https://images.brickset.com/sets/small/76898-1.jpg?201911131142
Lamborghini Urus ST-X & Huracán Super Trofeo EVO ,663,,https://images.brickset.com/sets/small/76899-1.jpg?201911131142
{?},,,/assets/images/misc/blankbox.gif
{?},,,/assets/images/misc/blankbox.gif
{?},,,/assets/images/misc/blankbox.gif
{?},,,/assets/images/misc/blankbox.gif
{?},,,/assets/images/misc/blankbox.gif
{?},,,/assets/images/misc/blankbox.gif
Lion Dance,882,8,https://images.brickset.com/sets/small/80104-1.jpg?201912301007
Chinese New Year Temple Fair,1664,14,https://images.brickset.com/sets/small/80105-1.jpg?201912301007
Cole vs. Nindroid,2,2,https://images.brickset.com/sets/small/112005-1.jpg?202002040453
Cole vs. Nindroid,,,https://images.brickset.com/sets/small/112005-2.jpg?202002201042
Tyrannosaurus rex,,,https://images.brickset.com/sets/small/122005-1.jpg?202001090838
Mr. Freeze,1,1,https://images.brickset.com/sets/small/212007-1.jpg?202002040328
Aurora,,,https://images.brickset.com/sets/small/302001-1.jpg?202002040454
Cake,,,https://images.brickset.com/sets/small/562001-1.jpg?201912310733
Hot Dog Stand,,,https://images.brickset.com/sets/small/562002-1.jpg?202002180605
El Fuego,1,1,https://images.brickset.com/sets/small/792004-1.jpg?202002040329
Possessed Biker,,,https://images.brickset.com/sets/small/792005-1.jpg?202002160635
NINJAGO Fork,,,/assets/images/misc/blankbox.gif
NINJAGO Keytana,,,https://images.brickset.com/sets/small/853985-1.jpg?202002040714
Customizable Weapon Set,,,https://images.brickset.com/sets/small/853986-1.jpg?202001051057
Celebration Bag Charm,,,https://images.brickset.com/sets/small/853989-1.jpg?202002151132
Easter Bunny House,More,,https://images.brickset.com/sets/small/853990-1.jpg?202002140409
2x4 Black Metal Keyring,,,https://images.brickset.com/sets/small/853992-1.jpg?202002040714
2x4 Bright Blue Keyring,,,https://images.brickset.com/sets/small/853993-1.jpg?202002040714
Crayon Girl Keyring,,,https://images.brickset.com/sets/small/853995-1.jpg?202002040714
Jay Key Chain,,,https://images.brickset.com/sets/small/853996-1.jpg?202001051057
Lloyd Key Chain,,,https://images.brickset.com/sets/small/853997-1.jpg?202001051057
Mickey Mouse Key Chain,,,https://images.brickset.com/sets/small/853998-1.jpg?202002140953
Minnie Mouse Key Chain,,,https://images.brickset.com/sets/small/853999-1.jpg?202002140953
Friends Bag Charm,,,https://images.brickset.com/sets/small/854000-1.jpg?202002040714
Duke DeTain Key Chain,,,https://images.brickset.com/sets/small/854005-1.jpg?202002040714
Eiffel Tower Magnet,,,https://images.brickset.com/sets/small/854011-1.jpg?202002140954
Police Handcuffs & Badge,,,https://images.brickset.com/sets/small/854018-1.jpg?202003021113
Creative Bag Charm,,,https://images.brickset.com/sets/small/854021-1.jpg?202001051057
Statue of Liberty Magnet,,,https://images.brickset.com/sets/small/854031-1.jpg?202002140949
New York Key Chain,,,https://images.brickset.com/sets/small/854032-1.jpg?202002140954
Kai,,,https://images.brickset.com/sets/small/892059-1.jpg?202002040454
Lloyd,,,https://images.brickset.com/sets/small/892060-1.jpg?202002201042
Snowspeeder,,,https://images.brickset.com/sets/small/912055-1.jpg?202001011040
TIE Striker,,,https://images.brickset.com/sets/small/912056-1.jpg?202002040329
R2-D2 and MSE-6,2,2,https://images.brickset.com/sets/small/912057-1.jpg?202002280417
Motorcycle Cop,1,1,https://images.brickset.com/sets/small/952001-1.jpg?202002040328
Fireman and Drone,,,https://images.brickset.com/sets/small/952002-1.jpg?202002121038
Replacement Parts Pack,,,https://images.brickset.com/sets/small/2000719-1.jpg?201912250921
Workshop Kit,,,https://images.brickset.com/sets/small/2000720-1.jpg?201912250922
4 stud Bright Yellow Storage Brick Drawer,,,https://images.brickset.com/sets/small/5005401-1.jpg?202002040714
Girl Storage Head Small,,,https://images.brickset.com/sets/small/5005522-1.jpg?202002040714
Blue Print Heritage Classic Backpack,,,https://images.brickset.com/sets/small/5005526-1.jpg?202002040714
Girl Storage Head Large,,,https://images.brickset.com/sets/small/5005527-1.jpg?202002040714
Boy Storage Head Large,,,https://images.brickset.com/sets/small/5005528-1.jpg?202002040714
Boy Storage Head Small,,,https://images.brickset.com/sets/small/5005529-1.jpg?202002040714
Iconic 4 Piece Organizer Tote and Playmat,,,https://images.brickset.com/sets/small/5005538-1.jpg?202002040714
Girl Luggage Tag,,,https://images.brickset.com/sets/small/5005617-1.jpg?202002040714
2x4 Lavender Luggage Tag,,,https://images.brickset.com/sets/small/5005620-1.jpg?202002040714
4 Stud Black Storage Brick Drawer,,,https://images.brickset.com/sets/small/5005711-1.jpg?202002040714
4 Stud Light Purple Storage Brick Drawer,,,https://images.brickset.com/sets/small/5005712-1.jpg?202002040714
4 Stud Medium Stone Gray Storage Brick Drawer,,,https://images.brickset.com/sets/small/5005713-1.jpg?202002040714
4 Stud Aqua Light Blue Storage Brick Drawer,,,https://images.brickset.com/sets/small/5005714-1.jpg?202002040714
8 Stud Black Storage Brick Drawer,,,https://images.brickset.com/sets/small/5005718-1.jpg?202002040714
8 Stud Light Purple Storage Brick Drawer,,,https://images.brickset.com/sets/small/5005719-1.jpg?202002040714
8 Stud Medium Stone Gray Storage Brick Drawer,,,https://images.brickset.com/sets/small/5005720-1.jpg?202002040714
8 Stud Aqua Light Blue Storage Brick Drawer,,,https://images.brickset.com/sets/small/5005721-1.jpg?202002040714
Transparent Red Sorting Case To Go,,,https://images.brickset.com/sets/small/5005769-1.jpg?202002040714
Minifigure Display Case 16 Blue,,,https://images.brickset.com/sets/small/5005772-1.jpg?202002040714
Holographic Brick Crossbody Bag,,,https://images.brickset.com/sets/small/5005810-1.jpg?202002040714
Minifigure Color Me Heritage Classic Backpack,,,https://images.brickset.com/sets/small/5005811-1.jpg?202002040714
Minifigure Color Me Lunch Bag,,,https://images.brickset.com/sets/small/5005812-1.jpg?202002040714
Gold Metallic Brick Backpack,,,https://images.brickset.com/sets/small/5005814-1.jpg?202002040714
LEGO® Gold Brick Crossbody Bag,,,https://images.brickset.com/sets/small/5005816-1.jpg?202002040714
Brick Red Hip Pack,,,https://images.brickset.com/sets/small/5005839-1.jpg?202002040714
Red Bright Blue and Yellow Wall Hanger Set,,,https://images.brickset.com/sets/small/5005870-1.jpg?202002040714
8 Stud Red Desk Drawer,,,https://images.brickset.com/sets/small/5005871-1.jpg?202002040714
4 Stud Red Desk Drawer,,,https://images.brickset.com/sets/small/5005872-1.jpg?202002040714
Transparent Red Rack System,,,https://images.brickset.com/sets/small/5005873-1.jpg?202002040714
Transparent Blue LEGO Rack System,,,https://images.brickset.com/sets/small/5005875-1.jpg?202003010814
Pumpkin Storage Head,,,https://images.brickset.com/sets/small/5005886-1.jpg?202001051057
4 Stud Blue Desk Drawer,,,/assets/images/misc/blankbox.gif
Transparent Blue Sorting Case To Go,,,https://images.brickset.com/sets/small/5005890-1.jpg?202002040714
 8 Stud Blue Desk Drawer,,,/assets/images/misc/blankbox.gif
Minifigure Lunch Set,,,https://images.brickset.com/sets/small/5005892-1.jpg?202002040714
Pink Light Blue and White Wall Hanger Set,,,https://images.brickset.com/sets/small/5005894-1.jpg?202002040714
12 Pack Marker Set,,,https://images.brickset.com/sets/small/5005963-1.jpg?202002040714
"First Edition Page from French Patent Application for LEGO DUPLO Brick, 1968",,,https://images.brickset.com/sets/small/5005998-1.jpg?202002080416
Spanish Patent LEGO Elements 1958,,,https://images.brickset.com/sets/small/5006001-1.jpg?202002121038
"– Page from British Patent Application for LEGO Elements, 1968",,,https://images.brickset.com/sets/small/5006004-1.jpg?202002080417
"Limited Edition Print – Page from German Patent Application for LEGO Toy Car, 1963",,,https://images.brickset.com/sets/small/5006006-1.jpg?202002080417
Holiday Bag Tag Stormtrooper,,,https://images.brickset.com/sets/small/5006035-1.jpg?202003021114
International Space Station Patch,,,https://images.brickset.com/sets/small/5006148-1.jpg?202002010909
The United Trinity,,,https://images.brickset.com/sets/small/5006171-1.jpg?202002040714
Cute Ideas,,,https://images.brickset.com/sets/small/ISBN0241401208-1.jpg?201909091204
NINJAGO Choose Your Ninja Mission: Which Path Will You Take?,,,https://images.brickset.com/sets/small/ISBN0241401275-1.jpg?201910211153
Epic History ,,,https://images.brickset.com/sets/small/ISBN0241409195-1.jpg?201909091202
Harry Potter Magical Treasury: A Visual Guide to the Wizarding World,,,https://images.brickset.com/sets/small/ISBN0241409454-1.jpg?202002291010
LEGO Minifigure: A Visual History,,,https://images.brickset.com/sets/small/ISBN0241409691-1.jpg?202001021000
LEGO Minifigure Handbook,,,https://images.brickset.com/sets/small/ISBN0241458234-1.jpg?202002160717
LEGO Still Life with Bricks: The Art of Everyday Play,,,https://images.brickset.com/sets/small/ISBN145217962X-1.jpg?202002090119
LEGO Still Life with Bricks: 100 Collectible Postcards,,,https://images.brickset.com/sets/small/ISBN1452179646-1.jpg?202002090120
LEGO Small Parts: The Secret Life of Minifigures,,,https://images.brickset.com/sets/small/ISBN1452182256-1.jpg?202002090120
"Star Wars Character Encyclopedia, New Edition",,,https://images.brickset.com/sets/small/ISBN1465489568-1.jpg?201908050954
Halloween Ideas,,,https://images.brickset.com/sets/small/ISBN1465493263-1.jpg?201910160847
Jurassic World Build Your Own Adventure,,,https://images.brickset.com/sets/small/ISBN1465493271-1.jpg?201911230455
City Build Your Own Adventure: Police Chase,,,https://images.brickset.com/sets/small/ISBN146549328X-1.jpg?201911230455
The LEGO Games Book,,,https://images.brickset.com/sets/small/ISBN1465497862-1.jpg?202002090120
"The Unofficial LEGO Builder's Guide, 3rd Edition",,,/assets/images/misc/blankbox.gif
High-Tech LEGO,,,https://images.brickset.com/sets/small/ISBN1718500254-1.jpg?202002090120
Building LEGO Trains,,,https://images.brickset.com/sets/small/ISBN1718500483-1.jpg?202002090120
Iconic Objects Made From LEGO Bricks,,,https://images.brickset.com/sets/small/ISBN3966640031-1.jpg?202002090121
Newsstand,,,https://images.brickset.com/sets/small/NEWSSTAND-1.jpg?202001090830
Valentine's Bear,,,https://images.brickset.com/sets/small/TEDDY-1.jpg?202002180607
